filename,class_id
0000.png,50
0001.png,24
0002.png,25
0003.png,37
0004.png,13
0005.png,21
0006.png,14
0007.png,5
0008.png,45
0009.png,21
0010.png,29
0011.png,49
0012.png,9
0013.png,27
0014.png,44
0015.png,41
0016.png,39
0017.png,21
0018.png,6
0019.png,31
0020.png,17
0021.png,40
0022.png,45
0023.png,23
0024.png,18
0025.png,33
0026.png,35
0027.png,28
0028.png,4
0029.png,47
0030.png,20
0031.png,13
0032.png,36
0033.png,38
0034.png,35
0035.png,32
0036.png,19
0037.png,22
0038.png,37
0039.png,49
0040.png,36
0041.png,37
0042.png,28
0043.png,6
0044.png,30
0045.png,45
0046.png,38
0047.png,49
0048.png,29
0049.png,29
0050.png,1
0051.png,3
0052.png,14
0053.png,12
0054.png,42
0055.png,39
0056.png,19
0057.png,44
0058.png,24
0059.png,38
0060.png,33
0061.png,1
0062.png,45
0063.png,29
0064.png,46
0065.png,38
0066.png,23
0067.png,15
0068.png,32
0069.png,17
0070.png,30
0071.png,29
0072.png,28
0073.png,20
0074.png,13
0075.png,50
0076.png,26
0077.png,25
0078.png,15
0079.png,1
0080.png,16
0081.png,45
0082.png,14
0083.png,4
0084.png,21
0085.png,11
0086.png,50
0087.png,31
0088.png,28
0089.png,21
0090.png,43
0091.png,26
0092.png,19
0093.png,13
0094.png,31
0095.png,6
0096.png,49
0097.png,33
0098.png,31
0099.png,20
0100.png,21
0101.png,43
0102.png,48
0103.png,5
0104.png,39
0105.png,1
0106.png,33
0107.png,6
0108.png,17
0109.png,12
0110.png,50
0111.png,41
0112.png,47
0113.png,18
0114.png,16
0115.png,3
0116.png,4
0117.png,22
0118.png,7
0119.png,35
0120.png,33
0121.png,35
0122.png,29
0123.png,9
0124.png,16
0125.png,34
0126.png,17
0127.png,24
0128.png,42
0129.png,40
0130.png,34
0131.png,28
0132.png,31
0133.png,48
0134.png,6
0135.png,26
0136.png,12
0137.png,46
0138.png,35
0139.png,36
0140.png,45
0141.png,30
0142.png,18
0143.png,35
0144.png,21
0145.png,41
0146.png,35
0147.png,2
0148.png,25
0149.png,3
0150.png,24
0151.png,9
0152.png,2
0153.png,47
0154.png,30
0155.png,37
0156.png,45
0157.png,27
0158.png,29
0159.png,16
0160.png,22
0161.png,8
0162.png,4
0163.png,32
0164.png,36
0165.png,47
0166.png,10
0167.png,6
0168.png,35
0169.png,11
0170.png,40
0171.png,45
0172.png,34
0173.png,3
0174.png,13
0175.png,35
0176.png,2
0177.png,2
0178.png,29
0179.png,24
0180.png,35
0181.png,48
0182.png,10
0183.png,22
0184.png,9
0185.png,17
0186.png,33
0187.png,34
0188.png,5
0189.png,3
0190.png,14
0191.png,1
0192.png,49
0193.png,37
0194.png,18
0195.png,40
0196.png,19
0197.png,38
0198.png,32
0199.png,14
0200.png,1
0201.png,19
0202.png,37
0203.png,47
0204.png,12
0205.png,27
0206.png,27
0207.png,21
0208.png,10
0209.png,26
0210.png,17
0211.png,28
0212.png,3
0213.png,36
0214.png,43
0215.png,22
0216.png,36
0217.png,33
0218.png,5
0219.png,15
0220.png,48
0221.png,40
0222.png,33
0223.png,46
0224.png,47
0225.png,8
0226.png,3
0227.png,1
0228.png,21
0229.png,27
0230.png,29
0231.png,18
0232.png,13
0233.png,23
0234.png,30
0235.png,49
0236.png,2
0237.png,14
0238.png,32
0239.png,41
0240.png,29
0241.png,1
0242.png,35
0243.png,37
0244.png,39
0245.png,42
0246.png,14
0247.png,25
0248.png,26
0249.png,23
0250.png,31
0251.png,20
0252.png,17
0253.png,7
0254.png,29
0255.png,1
0256.png,23
0257.png,1
0258.png,17
0259.png,31
0260.png,30
0261.png,48
0262.png,39
0263.png,4
0264.png,2
0265.png,25
0266.png,33
0267.png,19
0268.png,10
0269.png,6
0270.png,37
0271.png,50
0272.png,44
0273.png,17
0274.png,12
0275.png,8
0276.png,13
0277.png,8
0278.png,50
0279.png,36
0280.png,2
0281.png,43
0282.png,30
0283.png,9
0284.png,26
0285.png,11
0286.png,28
0287.png,23
0288.png,29
0289.png,26
0290.png,41
0291.png,41
0292.png,16
0293.png,30
0294.png,27
0295.png,50
0296.png,9
0297.png,7
0298.png,35
0299.png,10
0300.png,9
0301.png,37
0302.png,13
0303.png,33
0304.png,32
0305.png,48
0306.png,15
0307.png,28
0308.png,7
0309.png,38
0310.png,25
0311.png,42
0312.png,4
0313.png,42
0314.png,31
0315.png,16
0316.png,19
0317.png,8
0318.png,38
0319.png,32
0320.png,11
0321.png,49
0322.png,46
0323.png,5
0324.png,15
0325.png,19
0326.png,33
0327.png,22
0328.png,19
0329.png,30
0330.png,40
0331.png,23
0332.png,45
0333.png,39
0334.png,44
0335.png,28
0336.png,23
0337.png,11
0338.png,9
0339.png,22
0340.png,30
0341.png,5
0342.png,4
0343.png,14
0344.png,1
0345.png,31
0346.png,27
0347.png,5
0348.png,2
0349.png,29
0350.png,21
0351.png,19
0352.png,13
0353.png,46
0354.png,47
0355.png,28
0356.png,17
0357.png,5
0358.png,24
0359.png,7
0360.png,18
0361.png,41
0362.png,43
0363.png,35
0364.png,19
0365.png,45
0366.png,45
0367.png,29
0368.png,45
0369.png,19
0370.png,30
0371.png,12
0372.png,35
0373.png,24
0374.png,17
0375.png,4
0376.png,30
0377.png,37
0378.png,11
0379.png,41
0380.png,9
0381.png,31
0382.png,33
0383.png,16
0384.png,44
0385.png,24
0386.png,46
0387.png,26
0388.png,21
0389.png,44
0390.png,17
0391.png,7
0392.png,11
0393.png,24
0394.png,46
0395.png,49
0396.png,17
0397.png,43
0398.png,27
0399.png,23
0400.png,36
0401.png,17
0402.png,28
0403.png,8
0404.png,29
0405.png,35
0406.png,34
0407.png,10
0408.png,22
0409.png,6
0410.png,11
0411.png,37
0412.png,1
0413.png,20
0414.png,40
0415.png,50
0416.png,16
0417.png,22
0418.png,47
0419.png,1
0420.png,4
0421.png,21
0422.png,38
0423.png,39
0424.png,9
0425.png,11
0426.png,48
0427.png,16
0428.png,26
0429.png,33
0430.png,16
0431.png,32
0432.png,50
0433.png,1
0434.png,34
0435.png,40
0436.png,43
0437.png,42
0438.png,34
0439.png,44
0440.png,50
0441.png,6
0442.png,37
0443.png,14
0444.png,36
0445.png,9
0446.png,39
0447.png,21
0448.png,47
0449.png,2
0450.png,40
0451.png,21
0452.png,45
0453.png,40
0454.png,45
0455.png,18
0456.png,44
0457.png,15
0458.png,50
0459.png,31
0460.png,22
0461.png,12
0462.png,20
0463.png,16
0464.png,35
0465.png,35
0466.png,4
0467.png,45
0468.png,44
0469.png,21
0470.png,4
0471.png,28
0472.png,42
0473.png,22
0474.png,1
0475.png,21
0476.png,49
0477.png,23
0478.png,17
0479.png,9
0480.png,23
0481.png,21
0482.png,25
0483.png,22
0484.png,31
0485.png,12
0486.png,36
0487.png,37
0488.png,20
0489.png,17
0490.png,49
0491.png,44
0492.png,6
0493.png,20
0494.png,41
0495.png,23
0496.png,35
0497.png,9
0498.png,18
0499.png,30
0500.png,22
0501.png,25
0502.png,11
0503.png,36
0504.png,45
0505.png,44
0506.png,43
0507.png,6
0508.png,42
0509.png,38
0510.png,35
0511.png,35
0512.png,21
0513.png,6
0514.png,35
0515.png,12
0516.png,46
0517.png,37
0518.png,5
0519.png,7
0520.png,25
0521.png,2
0522.png,1
0523.png,31
0524.png,3
0525.png,43
0526.png,11
0527.png,8
0528.png,1
0529.png,46
0530.png,42
0531.png,25
0532.png,44
0533.png,49
0534.png,7
0535.png,48
0536.png,32
0537.png,44
0538.png,42
0539.png,25
0540.png,33
0541.png,41
0542.png,7
0543.png,3
0544.png,9
0545.png,18
0546.png,6
0547.png,45
0548.png,41
0549.png,3
0550.png,5
0551.png,11
0552.png,41
0553.png,1
0554.png,13
0555.png,1
0556.png,36
0557.png,23
0558.png,8
0559.png,26
0560.png,38
0561.png,17
0562.png,10
0563.png,25
0564.png,1
0565.png,45
0566.png,38
0567.png,11
0568.png,50
0569.png,37
0570.png,25
0571.png,38
0572.png,49
0573.png,43
0574.png,29
0575.png,1
0576.png,29
0577.png,27
0578.png,14
0579.png,32
0580.png,30
0581.png,14
0582.png,9
0583.png,22
0584.png,43
0585.png,34
0586.png,1
0587.png,1
0588.png,44
0589.png,10
0590.png,45
0591.png,27
0592.png,46
0593.png,29
0594.png,4
0595.png,15
0596.png,46
0597.png,34
0598.png,21
0599.png,10
0600.png,27
0601.png,28
0602.png,25
0603.png,37
0604.png,41
0605.png,18
0606.png,16
0607.png,33
0608.png,48
0609.png,9
0610.png,26
0611.png,37
0612.png,28
0613.png,28
0614.png,39
0615.png,2
0616.png,17
0617.png,21
0618.png,4
0619.png,34
0620.png,32
0621.png,33
0622.png,36
0623.png,22
0624.png,24
0625.png,16
0626.png,27
0627.png,38
0628.png,28
0629.png,14
0630.png,25
0631.png,42
0632.png,34
0633.png,3
0634.png,44
0635.png,48
0636.png,20
0637.png,20
0638.png,41
0639.png,17
0640.png,24
0641.png,23
0642.png,23
0643.png,14
0644.png,20
0645.png,15
0646.png,4
0647.png,38
0648.png,34
0649.png,16
0650.png,5
0651.png,47
0652.png,45
0653.png,26
0654.png,44
0655.png,33
0656.png,44
0657.png,20
0658.png,48
0659.png,15
0660.png,42
0661.png,45
0662.png,29
0663.png,16
0664.png,24
0665.png,34
0666.png,30
0667.png,34
0668.png,45
0669.png,7
0670.png,16
0671.png,31
0672.png,19
0673.png,47
0674.png,46
0675.png,40
0676.png,15
0677.png,37
0678.png,2
0679.png,25
0680.png,50
0681.png,19
0682.png,20
0683.png,40
0684.png,31
0685.png,27
0686.png,44
0687.png,41
0688.png,17
0689.png,9
0690.png,36
0691.png,2
0692.png,19
0693.png,1
0694.png,5
0695.png,33
0696.png,25
0697.png,38
0698.png,47
0699.png,11
0700.png,44
0701.png,32
0702.png,26
0703.png,29
0704.png,45
0705.png,33
0706.png,24
0707.png,2
0708.png,23
0709.png,3
0710.png,8
0711.png,39
0712.png,39
0713.png,23
0714.png,35
0715.png,8
0716.png,36
0717.png,7
0718.png,3
0719.png,20
0720.png,20
0721.png,15
0722.png,7
0723.png,7
0724.png,13
0725.png,26
0726.png,42
0727.png,43
0728.png,3
0729.png,9
0730.png,43
0731.png,29
0732.png,41
0733.png,48
0734.png,13
0735.png,46
0736.png,27
0737.png,20
0738.png,34
0739.png,18
0740.png,14
0741.png,21
0742.png,50
0743.png,26
0744.png,28
0745.png,47
0746.png,18
0747.png,26
0748.png,48
0749.png,18
0750.png,19
0751.png,46
0752.png,36
0753.png,1
0754.png,9
0755.png,37
0756.png,45
0757.png,42
0758.png,28
0759.png,40
0760.png,36
0761.png,12
0762.png,11
0763.png,46
0764.png,35
0765.png,2
0766.png,20
0767.png,11
0768.png,28
0769.png,40
0770.png,46
0771.png,41
0772.png,18
0773.png,4
0774.png,7
0775.png,22
0776.png,20
0777.png,48
0778.png,33
0779.png,9
0780.png,3
0781.png,43
0782.png,22
0783.png,16
0784.png,32
0785.png,50
0786.png,19
0787.png,6
0788.png,14
0789.png,33
0790.png,7
0791.png,3
0792.png,22
0793.png,8
0794.png,13
0795.png,38
0796.png,1
0797.png,9
0798.png,11
0799.png,24
0800.png,11
0801.png,33
0802.png,35
0803.png,10
0804.png,29
0805.png,32
0806.png,3
0807.png,3
0808.png,27
0809.png,12
0810.png,43
0811.png,46
0812.png,41
0813.png,18
0814.png,24
0815.png,25
0816.png,21
0817.png,18
0818.png,45
0819.png,50
0820.png,37
0821.png,5
0822.png,33
0823.png,24
0824.png,12
0825.png,23
0826.png,47
0827.png,28
0828.png,24
0829.png,6
0830.png,42
0831.png,24
0832.png,21
0833.png,8
0834.png,27
0835.png,33
0836.png,39
0837.png,13
0838.png,32
0839.png,12
0840.png,30
0841.png,10
0842.png,7
0843.png,12
0844.png,5
0845.png,9
0846.png,43
0847.png,47
0848.png,46
0849.png,33
0850.png,35
0851.png,15
0852.png,7
0853.png,42
0854.png,4
0855.png,3
0856.png,4
0857.png,48
0858.png,15
0859.png,22
0860.png,29
0861.png,35
0862.png,24
0863.png,11
0864.png,11
0865.png,9
0866.png,49
0867.png,50
0868.png,40
0869.png,36
0870.png,2
0871.png,7
0872.png,35
0873.png,4
0874.png,11
0875.png,20
0876.png,29
0877.png,43
0878.png,36
0879.png,42
0880.png,19
0881.png,26
0882.png,40
0883.png,48
0884.png,43
0885.png,5
0886.png,2
0887.png,13
0888.png,24
0889.png,20
0890.png,32
0891.png,10
0892.png,49
0893.png,45
0894.png,9
0895.png,11
0896.png,17
0897.png,34
0898.png,11
0899.png,48
0900.png,24
0901.png,14
0902.png,46
0903.png,20
0904.png,35
0905.png,27
0906.png,3
0907.png,11
0908.png,34
0909.png,39
0910.png,28
0911.png,7
0912.png,31
0913.png,38
0914.png,4
0915.png,35
0916.png,46
0917.png,19
0918.png,22
0919.png,46
0920.png,10
0921.png,2
0922.png,13
0923.png,10
0924.png,2
0925.png,49
0926.png,18
0927.png,5
0928.png,23
0929.png,16
0930.png,34
0931.png,19
0932.png,15
0933.png,13
0934.png,39
0935.png,38
0936.png,14
0937.png,6
0938.png,43
0939.png,47
0940.png,2
0941.png,2
0942.png,40
0943.png,39
0944.png,27
0945.png,18
0946.png,38
0947.png,50
0948.png,12
0949.png,30
0950.png,4
0951.png,25
0952.png,15
0953.png,29
0954.png,15
0955.png,12
0956.png,17
0957.png,49
0958.png,4
0959.png,42
0960.png,18
0961.png,41
0962.png,9
0963.png,38
0964.png,46
0965.png,16
0966.png,16
0967.png,29
0968.png,12
0969.png,17
0970.png,24
0971.png,23
0972.png,42
0973.png,21
0974.png,35
0975.png,1
0976.png,9
0977.png,32
0978.png,28
0979.png,1
0980.png,37
0981.png,35
0982.png,25
0983.png,9
0984.png,32
0985.png,37
0986.png,32
0987.png,20
0988.png,8
0989.png,16
0990.png,9
0991.png,41
0992.png,7
0993.png,17
0994.png,24
0995.png,17
0996.png,10
0997.png,40
0998.png,35
0999.png,15
1000.png,2
1001.png,21
1002.png,23
1003.png,44
1004.png,32
1005.png,19
1006.png,18
1007.png,30
1008.png,36
1009.png,29
1010.png,35
1011.png,33
1012.png,40
1013.png,29
1014.png,19
1015.png,15
1016.png,45
1017.png,41
1018.png,36
1019.png,24
1020.png,21
1021.png,41
1022.png,19
1023.png,26
1024.png,2
1025.png,40
1026.png,40
1027.png,17
1028.png,9
1029.png,30
1030.png,9
1031.png,46
1032.png,29
1033.png,17
1034.png,10
1035.png,40
1036.png,42
1037.png,11
1038.png,10
1039.png,10
1040.png,13
1041.png,27
1042.png,41
1043.png,28
1044.png,28
1045.png,12
1046.png,19
1047.png,1
1048.png,40
1049.png,23
1050.png,44
1051.png,44
1052.png,45
1053.png,14
1054.png,6
1055.png,37
1056.png,25
1057.png,14
1058.png,12
1059.png,47
1060.png,37
1061.png,16
1062.png,50
1063.png,17
1064.png,31
1065.png,38
1066.png,27
1067.png,9
1068.png,45
1069.png,37
1070.png,16
1071.png,18
1072.png,31
1073.png,48
1074.png,25
1075.png,11
1076.png,8
1077.png,33
1078.png,37
1079.png,31
1080.png,13
1081.png,40
1082.png,40
1083.png,42
1084.png,28
1085.png,45
1086.png,22
1087.png,8
1088.png,6
1089.png,9
1090.png,24
1091.png,13
1092.png,39
1093.png,25
1094.png,43
1095.png,49
1096.png,34
1097.png,29
1098.png,4
1099.png,18
1100.png,9
1101.png,8
1102.png,3
1103.png,10
1104.png,39
1105.png,34
1106.png,13
1107.png,50
1108.png,36
1109.png,18
1110.png,29
1111.png,46
1112.png,44
1113.png,8
1114.png,22
1115.png,15
1116.png,4
1117.png,17
1118.png,7
1119.png,16
1120.png,3
1121.png,31
1122.png,49
1123.png,19
1124.png,35
1125.png,42
1126.png,8
1127.png,38
1128.png,10
1129.png,46
1130.png,50
1131.png,2
1132.png,41
1133.png,6
1134.png,21
1135.png,36
1136.png,20
1137.png,44
1138.png,27
1139.png,4
1140.png,32
1141.png,40
1142.png,36
1143.png,20
1144.png,49
1145.png,8
1146.png,40
1147.png,21
1148.png,20
1149.png,39
1150.png,13
1151.png,9
1152.png,26
1153.png,15
1154.png,48
1155.png,44
1156.png,23
1157.png,15
1158.png,33
1159.png,19
1160.png,30
1161.png,21
1162.png,28
1163.png,17
1164.png,30
1165.png,25
1166.png,39
1167.png,6
1168.png,12
1169.png,26
1170.png,12
1171.png,50
1172.png,15
1173.png,13
1174.png,22
1175.png,23
1176.png,5
1177.png,10
1178.png,2
1179.png,23
1180.png,25
1181.png,19
1182.png,50
1183.png,12
1184.png,1
1185.png,33
1186.png,21
1187.png,4
1188.png,38
1189.png,17
1190.png,38
1191.png,4
1192.png,50
1193.png,33
1194.png,11
1195.png,2
1196.png,19
1197.png,3
1198.png,23
1199.png,49
1200.png,8
1201.png,14
1202.png,19
1203.png,6
1204.png,41
1205.png,15
1206.png,5
1207.png,49
1208.png,39
1209.png,48
1210.png,31
1211.png,21
1212.png,16
1213.png,46
1214.png,21
1215.png,3
1216.png,8
1217.png,15
1218.png,49
1219.png,7
1220.png,23
1221.png,5
1222.png,34
1223.png,16
1224.png,39
1225.png,23
1226.png,42
1227.png,13
1228.png,45
1229.png,32
1230.png,45
1231.png,37
1232.png,42
1233.png,6
1234.png,1
1235.png,23
1236.png,33
1237.png,20
1238.png,26
1239.png,31
1240.png,28
1241.png,46
1242.png,23
1243.png,4
1244.png,13
1245.png,36
1246.png,44
1247.png,28
1248.png,49
1249.png,30
1250.png,47
1251.png,20
1252.png,8
1253.png,41
1254.png,22
1255.png,42
1256.png,44
1257.png,39
1258.png,18
1259.png,19
1260.png,34
1261.png,42
1262.png,3
1263.png,20
1264.png,2
1265.png,41
1266.png,28
1267.png,31
1268.png,49
1269.png,3
1270.png,46
1271.png,1
1272.png,37
1273.png,12
1274.png,43
1275.png,9
1276.png,17
1277.png,3
1278.png,31
1279.png,48
1280.png,42
1281.png,1
1282.png,11
1283.png,28
1284.png,21
1285.png,16
1286.png,9
1287.png,32
1288.png,38
1289.png,11
1290.png,6
1291.png,31
1292.png,3
1293.png,28
1294.png,32
1295.png,30
1296.png,24
1297.png,4
1298.png,25
1299.png,24
1300.png,10
1301.png,32
1302.png,42
1303.png,40
1304.png,32
1305.png,48
1306.png,23
1307.png,12
1308.png,30
1309.png,43
1310.png,8
1311.png,22
1312.png,16
1313.png,34
1314.png,37
1315.png,34
1316.png,7
1317.png,39
1318.png,48
1319.png,18
1320.png,14
1321.png,16
1322.png,49
1323.png,30
1324.png,12
1325.png,39
1326.png,37
1327.png,30
1328.png,37
1329.png,22
1330.png,40
1331.png,7
1332.png,12
1333.png,43
1334.png,31
1335.png,50
1336.png,4
1337.png,23
1338.png,46
1339.png,50
1340.png,27
1341.png,14
1342.png,7
1343.png,3
1344.png,41
1345.png,23
1346.png,27
1347.png,43
1348.png,43
1349.png,4
1350.png,31
1351.png,30
1352.png,35
1353.png,35
1354.png,32
1355.png,42
1356.png,12
1357.png,13
1358.png,22
1359.png,48
1360.png,15
1361.png,44
1362.png,39
1363.png,4
1364.png,39
1365.png,31
1366.png,44
1367.png,44
1368.png,10
1369.png,8
1370.png,29
1371.png,31
1372.png,33
1373.png,32
1374.png,14
1375.png,10
1376.png,39
1377.png,21
1378.png,36
1379.png,33
1380.png,27
1381.png,18
1382.png,36
1383.png,14
1384.png,3
1385.png,16
1386.png,26
1387.png,26
1388.png,31
1389.png,48
1390.png,43
1391.png,37
1392.png,27
1393.png,12
1394.png,20
1395.png,15
1396.png,44
1397.png,10
1398.png,19
1399.png,16
1400.png,7
1401.png,18
1402.png,16
1403.png,35
1404.png,8
1405.png,34
1406.png,19
1407.png,17
1408.png,38
1409.png,2
1410.png,32
1411.png,8
1412.png,32
1413.png,1
1414.png,22
1415.png,12
1416.png,49
1417.png,45
1418.png,5
1419.png,22
1420.png,46
1421.png,44
1422.png,47
1423.png,50
1424.png,38
1425.png,11
1426.png,33
1427.png,34
1428.png,18
1429.png,13
1430.png,27
1431.png,16
1432.png,47
1433.png,38
1434.png,9
1435.png,7
1436.png,13
1437.png,6
1438.png,34
1439.png,26
1440.png,33
1441.png,18
1442.png,28
1443.png,30
1444.png,21
1445.png,27
1446.png,20
1447.png,2
1448.png,31
1449.png,50
1450.png,43
1451.png,20
1452.png,19
1453.png,36
1454.png,41
1455.png,14
1456.png,25
1457.png,25
1458.png,10
1459.png,4
1460.png,5
1461.png,40
1462.png,16
1463.png,11
1464.png,31
1465.png,31
1466.png,20
1467.png,23
1468.png,49
1469.png,24
1470.png,12
1471.png,20
1472.png,45
1473.png,45
1474.png,30
1475.png,36
1476.png,47
1477.png,21
1478.png,43
1479.png,6
1480.png,2
1481.png,22
1482.png,25
1483.png,26
1484.png,17
1485.png,47
1486.png,25
1487.png,45
1488.png,40
1489.png,17
1490.png,28
1491.png,20
1492.png,42
1493.png,1
1494.png,41
1495.png,1
1496.png,47
1497.png,24
1498.png,34
1499.png,7
1500.png,21
1501.png,37
1502.png,11
1503.png,28
1504.png,44
1505.png,49
1506.png,11
1507.png,48
1508.png,2
1509.png,13
1510.png,32
1511.png,14
1512.png,36
1513.png,44
1514.png,16
1515.png,13
1516.png,34
1517.png,32
1518.png,14
1519.png,12
1520.png,18
1521.png,17
1522.png,6
1523.png,26
1524.png,44
1525.png,20
1526.png,4
1527.png,49
1528.png,15
1529.png,34
1530.png,4
1531.png,30
1532.png,28
1533.png,3
1534.png,12
1535.png,25
1536.png,30
1537.png,24
1538.png,19
1539.png,36
1540.png,23
1541.png,15
1542.png,9
1543.png,39
1544.png,32
1545.png,11
1546.png,46
1547.png,33
1548.png,28
1549.png,33
1550.png,5
1551.png,31
1552.png,35
1553.png,12
1554.png,6
1555.png,12
1556.png,42
1557.png,20
1558.png,45
1559.png,2
1560.png,42
1561.png,6
1562.png,22
1563.png,30
1564.png,33
1565.png,20
1566.png,32
1567.png,13
1568.png,30
1569.png,6
1570.png,10
1571.png,46
1572.png,26
1573.png,27
1574.png,45
1575.png,37
1576.png,39
1577.png,44
1578.png,2
1579.png,13
1580.png,3
1581.png,34
1582.png,36
1583.png,38
1584.png,27
1585.png,31
1586.png,5
1587.png,39
1588.png,2
1589.png,30
1590.png,29
1591.png,39
1592.png,5
1593.png,43
1594.png,3
1595.png,41
1596.png,10
1597.png,35
1598.png,6
1599.png,2
1600.png,42
1601.png,46
1602.png,16
1603.png,37
1604.png,5
1605.png,33
1606.png,34
1607.png,25
1608.png,35
1609.png,26
1610.png,34
1611.png,8
1612.png,47
1613.png,46
1614.png,13
1615.png,31
1616.png,30
1617.png,47
1618.png,18
1619.png,46
1620.png,49
1621.png,1
1622.png,48
1623.png,22
1624.png,13
1625.png,1
1626.png,18
1627.png,27
1628.png,36
1629.png,39
1630.png,29
1631.png,15
1632.png,13
1633.png,24
1634.png,14
1635.png,38
1636.png,47
1637.png,5
1638.png,7
1639.png,4
1640.png,13
1641.png,4
1642.png,6
1643.png,13
1644.png,13
1645.png,41
1646.png,30
1647.png,37
1648.png,12
1649.png,14
1650.png,30
1651.png,34
1652.png,15
1653.png,32
1654.png,11
1655.png,39
1656.png,1
1657.png,10
1658.png,22
1659.png,5
1660.png,24
1661.png,6
1662.png,46
1663.png,9
1664.png,33
1665.png,43
1666.png,8
1667.png,46
1668.png,32
1669.png,40
1670.png,2
1671.png,5
1672.png,41
1673.png,7
1674.png,31
1675.png,6
1676.png,43
1677.png,48
1678.png,18
1679.png,37
1680.png,50
1681.png,26
1682.png,23
1683.png,6
1684.png,3
1685.png,22
1686.png,12
1687.png,8
1688.png,42
1689.png,40
1690.png,49
1691.png,29
1692.png,43
1693.png,3
1694.png,42
1695.png,34
1696.png,20
1697.png,36
1698.png,25
1699.png,12
1700.png,26
1701.png,32
1702.png,6
1703.png,22
1704.png,10
1705.png,17
1706.png,7
1707.png,16
1708.png,6
1709.png,5
1710.png,42
1711.png,26
1712.png,41
1713.png,12
1714.png,9
1715.png,18
1716.png,38
1717.png,17
1718.png,17
1719.png,8
1720.png,21
1721.png,2
1722.png,47
1723.png,7
1724.png,2
1725.png,13
1726.png,10
1727.png,44
1728.png,50
1729.png,44
1730.png,42
1731.png,30
1732.png,49
1733.png,7
1734.png,5
1735.png,47
1736.png,45
1737.png,31
1738.png,29
1739.png,6
1740.png,28
1741.png,27
1742.png,46
1743.png,24
1744.png,39
1745.png,23
1746.png,39
1747.png,32
1748.png,29
1749.png,3
1750.png,16
1751.png,17
1752.png,13
1753.png,45
1754.png,11
1755.png,24
1756.png,36
1757.png,11
1758.png,42
1759.png,49
1760.png,16
1761.png,7
1762.png,12
1763.png,48
1764.png,44
1765.png,2
1766.png,15
1767.png,50
1768.png,35
1769.png,47
1770.png,47
1771.png,15
1772.png,45
1773.png,25
1774.png,39
1775.png,17
1776.png,33
1777.png,29
1778.png,36
1779.png,26
1780.png,18
1781.png,17
1782.png,28
1783.png,20
1784.png,30
1785.png,22
1786.png,38
1787.png,10
1788.png,28
1789.png,27
1790.png,28
1791.png,20
1792.png,48
1793.png,18
1794.png,41
1795.png,45
1796.png,15
1797.png,8
1798.png,38
1799.png,9
1800.png,3
1801.png,34
1802.png,24
1803.png,6
1804.png,9
1805.png,46
1806.png,25
1807.png,18
1808.png,9
1809.png,47
1810.png,25
1811.png,30
1812.png,47
1813.png,24
1814.png,7
1815.png,4
1816.png,27
1817.png,18
1818.png,32
1819.png,46
1820.png,4
1821.png,11
1822.png,1
1823.png,49
1824.png,15
1825.png,27
1826.png,14
1827.png,17
1828.png,27
1829.png,14
1830.png,38
1831.png,4
1832.png,45
1833.png,17
1834.png,29
1835.png,30
1836.png,49
1837.png,41
1838.png,44
1839.png,9
1840.png,5
1841.png,43
1842.png,17
1843.png,38
1844.png,19
1845.png,28
1846.png,10
1847.png,49
1848.png,39
1849.png,29
1850.png,23
1851.png,1
1852.png,30
1853.png,25
1854.png,3
1855.png,49
1856.png,43
1857.png,25
1858.png,6
1859.png,46
1860.png,8
1861.png,44
1862.png,10
1863.png,8
1864.png,46
1865.png,31
1866.png,18
1867.png,48
1868.png,50
1869.png,48
1870.png,19
1871.png,39
1872.png,19
1873.png,22
1874.png,12
1875.png,22
1876.png,11
1877.png,34
1878.png,4
1879.png,12
1880.png,50
1881.png,28
1882.png,47
1883.png,36
1884.png,3
1885.png,2
1886.png,37
1887.png,19
1888.png,11
1889.png,14
1890.png,21
1891.png,38
1892.png,10
1893.png,46
1894.png,42
1895.png,21
1896.png,27
1897.png,14
1898.png,6
1899.png,10
1900.png,19
1901.png,15
1902.png,26
1903.png,19
1904.png,13
1905.png,41
1906.png,15
1907.png,50
1908.png,5
1909.png,14
1910.png,12
1911.png,8
1912.png,24
1913.png,44
1914.png,12
1915.png,14
1916.png,14
1917.png,5
1918.png,49
1919.png,8
1920.png,30
1921.png,40
1922.png,21
1923.png,44
1924.png,33
1925.png,47
1926.png,7
1927.png,26
1928.png,21
1929.png,6
1930.png,31
1931.png,24
1932.png,42
1933.png,18
1934.png,49
1935.png,16
1936.png,5
1937.png,37
1938.png,12
1939.png,50
1940.png,34
1941.png,12
1942.png,16
1943.png,36
1944.png,40
1945.png,46
1946.png,36
1947.png,43
1948.png,23
1949.png,16
1950.png,22
1951.png,47
1952.png,49
1953.png,39
1954.png,29
1955.png,7
1956.png,38
1957.png,3
1958.png,50
1959.png,25
1960.png,47
1961.png,47
1962.png,8
1963.png,36
1964.png,31
1965.png,48
1966.png,41
1967.png,33
1968.png,42
1969.png,43
1970.png,12
1971.png,33
1972.png,23
1973.png,2
1974.png,33
1975.png,6
1976.png,41
1977.png,15
1978.png,46
1979.png,41
1980.png,46
1981.png,41
1982.png,49
1983.png,36
1984.png,50
1985.png,4
1986.png,23
1987.png,49
1988.png,5
1989.png,8
1990.png,1
1991.png,5
1992.png,12
1993.png,7
1994.png,5
1995.png,11
1996.png,14
1997.png,35
1998.png,1
1999.png,14
2000.png,30
2001.png,1
2002.png,45
2003.png,48
2004.png,48
2005.png,44
2006.png,25
2007.png,42
2008.png,32
2009.png,3
2010.png,40
2011.png,35
2012.png,11
2013.png,23
2014.png,4
2015.png,7
2016.png,29
2017.png,30
2018.png,19
2019.png,11
2020.png,41
2021.png,35
2022.png,34
2023.png,19
2024.png,48
2025.png,14
2026.png,39
2027.png,29
2028.png,18
2029.png,47
2030.png,20
2031.png,43
2032.png,35
2033.png,40
2034.png,48
2035.png,14
2036.png,18
2037.png,28
2038.png,15
2039.png,2
2040.png,38
2041.png,33
2042.png,20
2043.png,10
2044.png,48
2045.png,22
2046.png,47
2047.png,20
2048.png,21
2049.png,43
2050.png,42
2051.png,28
2052.png,50
2053.png,40
2054.png,26
2055.png,27
2056.png,26
2057.png,13
2058.png,38
2059.png,14
2060.png,25
2061.png,50
2062.png,10
2063.png,42
2064.png,12
2065.png,38
2066.png,3
2067.png,38
2068.png,13
2069.png,30
2070.png,37
2071.png,30
2072.png,11
2073.png,31
2074.png,27
2075.png,37
2076.png,7
2077.png,26
2078.png,38
2079.png,2
2080.png,7
2081.png,38
2082.png,39
2083.png,3
2084.png,48
2085.png,47
2086.png,25
2087.png,44
2088.png,3
2089.png,27
2090.png,2
2091.png,21
2092.png,15
2093.png,19
2094.png,31
2095.png,31
2096.png,32
2097.png,46
2098.png,3
2099.png,26
2100.png,23
2101.png,27
2102.png,20
2103.png,44
2104.png,3
2105.png,9
2106.png,34
2107.png,4
2108.png,16
2109.png,40
2110.png,49
2111.png,38
2112.png,7
2113.png,32
2114.png,10
2115.png,49
2116.png,18
2117.png,27
2118.png,7
2119.png,27
2120.png,15
2121.png,15
2122.png,39
2123.png,39
2124.png,24
2125.png,43
2126.png,49
2127.png,8
2128.png,11
2129.png,42
2130.png,2
2131.png,41
2132.png,1
2133.png,4
2134.png,28
2135.png,37
2136.png,35
2137.png,25
2138.png,1
2139.png,26
2140.png,4
2141.png,7
2142.png,47
2143.png,26
2144.png,19
2145.png,34
2146.png,26
2147.png,36
2148.png,35
2149.png,22
2150.png,21
2151.png,48
2152.png,48
2153.png,32
2154.png,37
2155.png,26
2156.png,28
2157.png,34
2158.png,47
2159.png,40
2160.png,20
2161.png,19
2162.png,10
2163.png,48
2164.png,4
2165.png,36
2166.png,8
2167.png,8
2168.png,16
2169.png,3
2170.png,30
2171.png,20
2172.png,36
2173.png,5
2174.png,30
2175.png,22
2176.png,26
2177.png,49
2178.png,13
2179.png,1
2180.png,22
2181.png,24
2182.png,34
2183.png,37
2184.png,23
2185.png,10
2186.png,34
2187.png,39
2188.png,50
2189.png,22
2190.png,8
2191.png,2
2192.png,43
2193.png,37
2194.png,35
2195.png,24
2196.png,40
2197.png,30
2198.png,2
2199.png,15
2200.png,47
2201.png,24
2202.png,27
2203.png,35
2204.png,5
2205.png,39
2206.png,37
2207.png,33
2208.png,40
2209.png,47
2210.png,17
2211.png,48
2212.png,21
2213.png,5
2214.png,9
2215.png,2
2216.png,7
2217.png,27
2218.png,7
2219.png,9
2220.png,43
2221.png,36
2222.png,25
2223.png,45
2224.png,6
2225.png,32
2226.png,4
2227.png,48
2228.png,3
2229.png,43
2230.png,31
2231.png,26
2232.png,7
2233.png,45
2234.png,22
2235.png,37
2236.png,1
2237.png,43
2238.png,47
2239.png,29
2240.png,45
2241.png,9
2242.png,5
2243.png,25
2244.png,24
2245.png,22
2246.png,15
2247.png,1
2248.png,34
2249.png,45
2250.png,36
2251.png,2
2252.png,45
2253.png,50
2254.png,43
2255.png,23
2256.png,8
2257.png,9
2258.png,13
2259.png,20
2260.png,27
2261.png,6
2262.png,38
2263.png,28
2264.png,37
2265.png,5
2266.png,17
2267.png,40
2268.png,14
2269.png,18
2270.png,40
2271.png,18
2272.png,14
2273.png,16
2274.png,41
2275.png,10
2276.png,29
2277.png,8
2278.png,5
2279.png,44
2280.png,47
2281.png,13
2282.png,6
2283.png,43
2284.png,17
2285.png,26
2286.png,45
2287.png,48
2288.png,34
2289.png,16
2290.png,15
2291.png,23
2292.png,14
2293.png,21
2294.png,50
2295.png,46
2296.png,36
2297.png,43
2298.png,23
2299.png,43
2300.png,39
2301.png,25
2302.png,49
2303.png,28
2304.png,10
2305.png,23
2306.png,11
2307.png,19
2308.png,38
2309.png,50
2310.png,26
2311.png,29
2312.png,33
2313.png,13
2314.png,34
2315.png,41
2316.png,42
2317.png,36
2318.png,47
2319.png,40
2320.png,47
2321.png,44
2322.png,5
2323.png,24
2324.png,19
2325.png,12
2326.png,21
2327.png,12
2328.png,49
2329.png,20
2330.png,40
2331.png,3
2332.png,48
2333.png,49
2334.png,33
2335.png,16
2336.png,46
2337.png,11
2338.png,29
2339.png,7
2340.png,31
2341.png,26
2342.png,43
2343.png,15
2344.png,14
2345.png,46
2346.png,11
2347.png,21
2348.png,50
2349.png,5
2350.png,50
2351.png,44
2352.png,47
2353.png,10
2354.png,15
2355.png,27
2356.png,7
2357.png,3
2358.png,41
2359.png,24
2360.png,31
2361.png,5
2362.png,41
2363.png,27
2364.png,14
2365.png,18
2366.png,34
2367.png,14
2368.png,37
2369.png,8
2370.png,6
2371.png,40
2372.png,29
2373.png,17
2374.png,18
2375.png,6
2376.png,4
2377.png,31
2378.png,38
2379.png,34
2380.png,32
2381.png,28
2382.png,14
2383.png,27
2384.png,42
2385.png,37
2386.png,22
2387.png,48
2388.png,29
2389.png,39
2390.png,31
2391.png,35
2392.png,10
2393.png,19
2394.png,19
2395.png,14
2396.png,44
2397.png,38
2398.png,13
2399.png,20
2400.png,40
2401.png,50
2402.png,10
2403.png,1
2404.png,39
2405.png,41
2406.png,5
2407.png,38
2408.png,42
2409.png,8
2410.png,24
2411.png,25
2412.png,5
2413.png,8
2414.png,21
2415.png,20
2416.png,27
2417.png,29
2418.png,48
2419.png,34
2420.png,13
2421.png,40
2422.png,39
2423.png,16
2424.png,15
2425.png,10
2426.png,22
2427.png,50
2428.png,18
2429.png,28
2430.png,15
2431.png,11
2432.png,25
2433.png,32
2434.png,25
2435.png,5
2436.png,26
2437.png,26
2438.png,4
2439.png,5
2440.png,8
2441.png,32
2442.png,48
2443.png,50
2444.png,6
2445.png,42
2446.png,9
2447.png,23
2448.png,18
2449.png,18
2450.png,10
2451.png,24
2452.png,22
2453.png,36
2454.png,14
2455.png,10
2456.png,22
2457.png,8
2458.png,41
2459.png,11
2460.png,15
2461.png,32
2462.png,16
2463.png,4
2464.png,25
2465.png,40
2466.png,32
2467.png,27
2468.png,49
2469.png,26
2470.png,50
2471.png,8
2472.png,39
2473.png,24
2474.png,16
2475.png,2
2476.png,36
2477.png,10
2478.png,8
2479.png,23
2480.png,33
2481.png,24
2482.png,31
2483.png,7
2484.png,17
2485.png,48
2486.png,50
2487.png,38
2488.png,15
2489.png,32
2490.png,42
2491.png,24
2492.png,47
2493.png,43
2494.png,6
2495.png,43
2496.png,41
2497.png,19
2498.png,13
2499.png,6
